,HCHO_vcol,NO2_vcol,O3_vcol,CLDO4_vcol
2024-09-15 12:00:00+0000,9.54E+15,6.08E+15,320.3458252,846.0389404
2024-09-15 13:00:00+0000,6.38E+15,3.55E+15,307.9414063,953.6973877
2024-09-15 14:00:00+0000,9.78E+15,5.24E+15,309.257782,953.0499878
2024-09-15 15:00:00+0000,7.94E+15,3.86E+15,311.291626,950.4622803
2024-09-15 16:00:00+0000,1.04E+16,3.42E+15,312.913208,910.630127
2024-09-15 17:00:00+0000,7.72E+15,2.21E+15,313.9335327,828.4958496
2024-09-15 18:00:00+0000,8.74E+15,2.47E+15,312.4927673,864.9475098
2024-09-15 19:00:00+0000,6.73E+15,2.48E+15,310.2487793,799.1876831
2024-09-15 20:00:00+0000,1.25E+16,2.77E+15,307.355011,851.1089478
2024-09-15 21:00:00+0000,1.36E+16,2.66E+15,304.8128967,616.6682739
2024-09-15 22:00:00+0000,7.17E+15,1.95E+15,301.8829041,433.1828918
